calibration,N/A,1,,taskset: failed to execute -e: No such file or directory,<not counted>,<not counted>,<not counted>,<not counted>,<not counted>,<not counted>,<not counted>,<not counted>,0,0,0,0,0
calibration,N/A,2,,taskset: failed to execute -e: No such file or directory,<not counted>,<not counted>,<not counted>,<not counted>,<not counted>,<not counted>,<not counted>,<not counted>,0,0,0,0,0
calibration,N/A,3,,taskset: failed to execute -e: No such file or directory,<not counted>,<not counted>,<not counted>,<not counted>,<not counted>,<not counted>,<not counted>,<not counted>,0,0,0,0,0
calibration,N/A,4,,taskset: failed to execute -e: No such file or directory,<not counted>,<not counted>,<not counted>,<not counted>,<not counted>,<not counted>,<not counted>,<not counted>,0,0,0,0,0
calibration,N/A,5,,taskset: failed to execute -e: No such file or directory,<not counted>,<not counted>,<not counted>,<not counted>,<not counted>,<not counted>,<not counted>,<not counted>,0,0,0,0,0
calibration,N/A,6,,taskset: failed to execute -e: No such file or directory,<not counted>,<not counted>,<not counted>,<not counted>,<not counted>,<not counted>,<not counted>,<not counted>,0,0,0,0,0
calibration,N/A,7,,taskset: failed to execute -e: No such file or directory,<not counted>,<not counted>,<not counted>,<not counted>,<not counted>,<not counted>,<not counted>,<not counted>,0,0,0,0,0
calibration,N/A,8,,taskset: failed to execute -e: No such file or directory,<not counted>,<not counted>,<not counted>,<not counted>,<not counted>,<not counted>,<not counted>,<not counted>,0,0,0,0,0
calibration,N/A,9,,taskset: failed to execute -e: No such file or directory,<not counted>,<not counted>,<not counted>,<not counted>,<not counted>,<not counted>,<not counted>,<not counted>,0,0,0,0,0
calibration,N/A,10,,taskset: failed to execute -e: No such file or directory,<not counted>,<not counted>,<not counted>,<not counted>,<not counted>,<not counted>,<not counted>,<not counted>,0,0,0,0,0
calibration,N/A,1,,Workload failed: No such file or directory
calibration,N/A,2,,Workload failed: No such file or directory
calibration,N/A,3,,Workload failed: No such file or directory
calibration,N/A,4,,Workload failed: No such file or directory
calibration,N/A,5,,Workload failed: No such file or directory
calibration,N/A,6,,Workload failed: No such file or directory
calibration,N/A,7,,Workload failed: No such file or directory
calibration,N/A,8,,Workload failed: No such file or directory
calibration,N/A,9,,Workload failed: No such file or directory
calibration,N/A,10,,Workload failed: No such file or directory
